{"train_losses": [239.10047912597656, 164.07846069335938, 348.8822326660156, 181.23866271972656, 160.0475311279297, 146.86854553222656, 189.92037963867188, 181.0078582763672, 72.74919128417969, 106.5551986694336, 118.35485076904297, 139.87725830078125, 102.06492614746094, 125.24964904785156, 165.7251434326172, 138.69195556640625, 66.67305755615234, 100.32294464111328, 108.47765350341797, 125.66175079345703, 44.59851837158203, 73.61957550048828, 78.5179443359375, 112.54084014892578, 79.41226959228516, 70.27428436279297, 76.86663818359375, 103.11345672607422, 128.5286407470703, 86.0485610961914, 36.012847900390625, 61.57890701293945, 55.23286819458008, 43.28361511230469, 55.70964431762695, 43.90955352783203, 46.62378692626953, 44.82749938964844, 58.763702392578125, 63.053855895996094, 41.9489860534668, 38.05942153930664, 81.73738098144531, 60.17469024658203, 40.1611328125, 60.47389221191406, 36.783836364746094, 41.88461685180664, 19.27007293701172, 66.56300354003906, 34.41475296020508, 45.89287567138672, 37.973114013671875, 18.031030654907227, 69.37571716308594, 42.6724967956543, 62.3216667175293, 40.12042236328125, 43.872859954833984, 17.828916549682617, 31.60722541809082, 18.23366355895996, 18.913745880126953, 32.92361831665039, 21.939943313598633, 26.428287506103516, 14.899651527404785, 29.70693016052246, 25.891584396362305, 26.16074562072754, 33.91689682006836, 20.07294273376465, 48.268795013427734, 24.827251434326172, 16.545726776123047], "val_losses": [66.82830047607422, 48.68579864501953, 35.32178497314453, 29.987150192260742, 25.79384422302246, 23.49130630493164, 21.4777889251709, 19.4454288482666, 20.524934768676758, 26.166934967041016, 34.38794708251953, 41.901023864746094, 44.30024337768555, 45.429893493652344, 43.02425003051758, 39.581241607666016, 34.479915618896484, 26.080598831176758, 19.305152893066406, 13.4937162399292, 12.870390892028809, 12.03516674041748, 11.071162223815918, 9.669181823730469, 8.414344787597656, 7.048205852508545, 5.703628063201904, 4.696170330047607, 3.8575258255004883, 3.1378302574157715, 2.6771438121795654, 2.4852712154388428, 2.540027618408203, 2.9647533893585205, 2.7614612579345703, 2.600618839263916, 2.783292055130005, 3.0663774013519287, 3.119709014892578, 2.996614933013916, 2.778334140777588, 2.553955316543579, 2.3409430980682373, 2.1834356784820557, 2.038496971130371, 1.9450862407684326, 1.8517582416534424, 1.7618002891540527, 1.635416030883789, 1.5222280025482178, 1.3719675540924072, 1.180963158607483, 1.0630030632019043, 1.0227699279785156, 0.9503242373466492, 1.0140665769577026, 1.0956021547317505, 1.2072001695632935, 1.2052960395812988, 1.163400650024414, 1.2703031301498413, 1.3387384414672852, 1.0594205856323242, 1.0292963981628418, 1.0938282012939453, 1.3395414352416992, 1.7334920167922974, 1.3978596925735474, 1.1663434505462646, 1.1052559614181519, 1.0781224966049194, 1.0582680702209473, 1.0767052173614502, 1.0811420679092407, 1.1144297122955322], "train_accs": [0.556130058665606, 0.612309833946505, 0.6478074972655862, 0.6884756885751218, 0.7052799045440986, 0.7178084915978921, 0.7289450134234862, 0.7457492293924629, 0.7611613801332405, 0.7707069702694641, 0.7765735308740181, 0.785124788704385, 0.7850253554737994, 0.7970567763746644, 0.8070995326638163, 0.805110868052103, 0.817440588644725, 0.8078949985085015, 0.810082529581386, 0.8105796957343144, 0.8245997812468927, 0.817440588644725, 0.818037188028239, 0.8272844784727056, 0.8230088495575221, 0.8313612409267177, 0.8394153326041564, 0.8349408372278015, 0.8468728248980809, 0.8407079646017699, 0.8558218156507905, 0.8531371184249776, 0.8549269165755196, 0.8544297504225913, 0.8591031122601174, 0.8552252162672765, 0.8537337178084916, 0.865964005170528, 0.865367405787014, 0.8668589042457989, 0.8676543700904843, 0.8666600377846276, 0.8616883762553446, 0.8736203639256239, 0.8682509694739982, 0.8651685393258427, 0.871233966391568, 0.8643730734811574, 0.8634781744058865, 0.8591031122601174, 0.8660634384011137, 0.8615889430247589, 0.8576116138013324, 0.858307646415432, 0.8568161479566471, 0.8516456199661927, 0.8542308839614199, 0.8476682907427663, 0.8511484538132644, 0.8476682907427663, 0.8549269165755196, 0.851844486427364, 0.8550263498061051, 0.8541314507308343, 0.8502535547379935, 0.8576116138013324, 0.858605946107189, 0.8584070796460177, 0.8581087799542607, 0.8667594710152133, 0.8684498359351696, 0.8606940439494879, 0.8667594710152133, 0.8617878094859301, 0.872725464850353], "val_accs": [0.7947112038970077, 0.7961029923451636, 0.7940153096729298, 0.8093249826026444, 0.8107167710508003, 0.8211551844119693, 0.8288100208768268, 0.8336812804453723, 0.8350730688935282, 0.8364648573416841, 0.8441196938065414, 0.8517745302713987, 0.8608211551844119, 0.8636047320807237, 0.8733472512178149, 0.8747390396659708, 0.8810020876826722, 0.8823938761308281, 0.8858733472512178, 0.8858733472512178, 0.8858733472512178, 0.8865692414752957, 0.8865692414752957, 0.8879610299234516, 0.8886569241475296, 0.8928322894919972, 0.894919972164231, 0.8970076548364648, 0.8997912317327766, 0.9018789144050104, 0.9025748086290883, 0.9039665970772442, 0.9039665970772442, 0.9018789144050104, 0.9018789144050104, 0.9032707028531664, 0.9039665970772442, 0.9039665970772442, 0.9039665970772442, 0.9046624913013221, 0.9046624913013221, 0.9025748086290883, 0.9004871259568545, 0.8990953375086986, 0.8956158663883089, 0.8935281837160751, 0.8942240779401531, 0.8956158663883089, 0.8935281837160751, 0.8942240779401531, 0.8893528183716075, 0.8942240779401531, 0.9025748086290883, 0.8921363952679193, 0.8768267223382046, 0.8677800974251914, 0.8691718858733473, 0.8698677800974252, 0.872651356993737, 0.8796102992345164, 0.8810020876826722, 0.8851774530271399, 0.8893528183716075, 0.8997912317327766, 0.9157967988865693, 0.9199721642310369, 0.8983994432846207, 0.894919972164231, 0.894919972164231, 0.8928322894919972, 0.8935281837160751, 0.8928322894919972, 0.8921363952679193, 0.8928322894919972, 0.8928322894919972]}